{
    "programs": [
        {
            "name": "cc c",
            "file": "cc.c",
            "path": "data/cc.c"
        },
        {
            "name": "cc java",
            "file": "cc.java",
            "path": "data/cc.java"
        },
        {
            "name": "pf java",
            "file": "pf.java",
            "path": "data/pf.java"
        },
        
        {
            "name": "pf c",
            "file": "pf.c",
            "path": "data/pf.c"
        },
        {
            "name": "pc",
            "file": "pc.py",
            "path": "data/pc.py"
        },
        {
            "name": "md5",
            "file": "md5.py",
            "path": "data/md5.py"
        },
        {
            "name": "rsa",
            "file": "rsa.py",
            "path": "data/rsa.py"
        }
    ]
}
